file_id,location,state,time_zone,latitude,longitude,elevation
690150,"TWENTYNINE PALMS",CA,-8.0,34.300,-116.167,626
722860,"MARCH AFB",CA,-8.0,33.900,-117.250,462
722868,"PALM SPRINGS INTL",CA,-8.0,33.833,-116.500,145
722869,"RIVERSIDE MUNI",CA,-8.0,33.950,-117.450,256
722880,"BURBANK-GLENDALE-PASSADENA AP",CA,-8.0,34.200,-118.350,226
722885,"SANTA MONICA MUNI",CA,-8.0,34.017,-118.450,53
722886,"VAN NUYS AIRPORT",CA,-8.0,34.217,-118.483,235
722895,"LOMPOC (AWOS)",CA,-8.0,34.667,-120.467,27
722897,"SAN LUIS CO RGNL",CA,-8.0,35.233,-120.633,66
722899,"CHINO AIRPORT",CA,-8.0,33.967,-117.633,198
722900,"SAN DIEGO LINDBERGH FIELD",CA,-8.0,32.733,-117.167,4
722903,"SAN DIEGO/MONTGOMER",CA,-8.0,32.817,-117.133,129
722904,"CHULA VISTA BROWN FIELD NAAS",CA,-8.0,32.583,-116.983,159
722906,"SAN DIEGO NORTH ISLAND NAS",CA,-8.0,32.700,-117.200,15
722926,"CAMP PENDLETON MCAS",CA,-8.0,33.300,-117.350,23
722927,"CARLSBAD/PALOMAR",CA,-8.0,33.133,-117.283,100
722930,"SAN DIEGO MIRAMAR NAS",CA,-8.0,32.867,-117.133,140
722950,"LOS ANGELES INTL ARPT",CA,-8.0,33.933,-118.400,30
722956,"JACK NORTHROP FLD H",CA,-8.0,33.917,-118.333,21
722970,"LONG BEACH DAUGHERTY FLD",CA,-8.0,33.833,-118.167,8
722976,"FULLERTON MUNICIPAL",CA,-8.0,33.867,-117.983,29
722977,"SANTA ANA JOHN WAYNE AP",CA,-8.0,33.683,-117.867,16
723805,"NEEDLES AIRPORT",CA,-8.0,34.767,-114.617,279
723810,"EDWARDS AFB",CA,-8.0,34.900,-117.867,706
723815,"DAGGETT BARSTOW-DAGGETT AP",CA,-8.0,34.850,-116.800,586
723816,"LANCASTER GEN WM FOX FIELD",CA,-8.0,34.733,-118.217,713
723820,"PALMDALE AIRPORT",CA,-8.0,34.633,-118.083,769
723830,"SANDBERG",CA,-8.0,34.750,-118.717,1377
723840,"BAKERSFIELD MEADOWS FIELD",CA,-8.0,35.433,-119.050,149
723890,"FRESNO YOSEMITE INTL AP",CA,-8.0,36.783,-119.717,102
723895,"PORTERVILLE (AWOS)",CA,-8.0,36.033,-119.067,135
723896,"VISALIA MUNI (AWOS)",CA,-8.0,36.317,-119.400,89
723910,"POINT MUGU NF",CA,-8.0,34.117,-119.117,3
723925,"SANTA BARBARA MUNICIPAL AP",CA,-8.0,34.433,-119.850,3
723926,"CAMARILLO (AWOS)",CA,-8.0,34.217,-119.083,23
723927,"OXNARD AIRPORT",CA,-8.0,34.200,-119.200,11
723940,"SANTA MARIA PUBLIC ARPT",CA,-8.0,34.917,-120.467,77
723965,"PASO ROBLES MUNICIPAL ARPT",CA,-8.0,35.667,-120.633,244
724800,"BISHOP AIRPORT",CA,-8.0,37.367,-118.350,1250
724815,"MERCED/MACREADY FLD",CA,-8.0,37.283,-120.517,47
724830,"SACRAMENTO EXECUTIVE ARPT",CA,-8.0,38.500,-121.500,5
724837,"BEALE AFB",CA,-8.0,39.133,-121.433,38
724838,"YUBA CO",CA,-8.0,39.100,-121.567,19
724839,"SACRAMENTO METROPOLITAN AP",CA,-8.0,38.700,-121.583,7
724915,"MONTEREY NAF",CA,-8.0,36.600,-121.867,50
724917,"SALINAS MUNICIPAL AP",CA,-8.0,36.667,-121.600,21
724920,"STOCKTON METROPOLITAN ARPT",CA,-8.0,37.900,-121.233,7
724926,"MODESTO CITY-COUNTY AP",CA,-8.0,37.633,-120.950,30
724927,"LIVERMORE MUNICIPAL",CA,-8.0,37.700,-121.817,121
724930,"OAKLAND METROPOLITAN ARPT",CA,-8.0,37.717,-122.217,2
724935,"HAYWARD AIR TERM",CA,-8.0,37.667,-122.117,14
724936,"CONCORD CONCORD-BUCHANAN FIEL",CA,-8.0,38.000,-122.050,7
724940,"SAN FRANCISCO INTL AP",CA,-8.0,37.617,-122.400,2
724945,"SAN JOSE INTL AP",CA,-8.0,37.367,-121.933,16
724955,"NAPA CO. AIRPORT",CA,-8.0,38.217,-122.283,10
724957,"SANTA ROSA (AWOS)",CA,-8.0,38.517,-122.817,38
725845,"BLUE CANYON AP",CA,-8.0,39.300,-120.717,1609
725846,"TRUCKEE-TAHOE",CA,-8.0,39.317,-120.133,1798
725847,"SOUTH LAKE TAHOE",CA,-8.0,38.900,-120.000,1909
725905,"UKIAH MUNICIPAL AP",CA,-8.0,39.133,-123.200,189
725910,"RED BLUFF MUNICIPAL ARPT",CA,-8.0,40.150,-122.250,106
725920,"REDDING MUNICIPAL ARPT",CA,-8.0,40.517,-122.317,153
725945,"ARCATA AIRPORT",CA,-8.0,40.983,-124.100,62
725946,"CRESCENT CITY FAA AI",CA,-8.0,41.783,-124.233,17
725955,"MONTAGUE SISKIYOU COUNTY AP",CA,-8.0,41.783,-122.467,803
725958,"ALTURAS",CA,-8.0,41.500,-120.533,1341
745090,"MOUNTAIN VIEW MOFFETT FLD NAS",CA,-8.0,37.400,-122.050,12
745160,"TRAVIS FIELD AFB",CA,-8.0,38.267,-121.933,18
746120,"CHINA LAKE NAF",CA,-8.0,35.683,-117.683,677
747020,"LEMOORE REEVES NAS",CA,-8.0,36.333,-119.950,73
747185,"IMPERIAL",CA,-8.0,32.833,-115.583,-17
747187,"PALM SPRINGS THERMAL AP",CA,-8.0,33.633,-116.167,-34
747188,"BLYTHE RIVERSIDE CO ARPT",CA,-8.0,33.617,-114.717,119
690190,"ABILENE DYESS AFB",TX,-6.0,32.433,-99.850,545
722410,"PORT ARTHUR JEFFERSON COUNTY",TX,-6.0,29.950,-94.017,5
722420,"GALVESTON/SCHOLES",TX,-6.0,29.300,-94.800,16
722429,"HOUSTON/D.W. HOOKS",TX,-6.0,30.067,-95.550,46
722430,"HOUSTON BUSH INTERCONTINENTAL",TX,-6.0,30.000,-95.367,29
722435,"HOUSTON WILLIAM P HOBBY AP",TX,-6.0,29.650,-95.283,13
722436,"HOUSTON ELLINGTON AFB [CLEAR LAKE - UT]",TX,-6.0,29.570,-95.090,6
722445,"COLLEGE STATION EASTERWOOD FL",TX,-6.0,30.583,-96.367,96
722446,"LUFKIN ANGELINA CO",TX,-6.0,31.233,-94.750,86
722448,"TYLER/POUNDS FLD",TX,-6.0,32.350,-95.400,166
722470,"LONGVIEW GREGG COUNTY AP [OVERTON - UT]",TX,-6.0,32.290,-94.980,146
722499,"NACOGDOCHES (AWOS)",TX,-6.0,31.583,-94.717,108
722500,"BROWNSVILLE S PADRE ISL INTL",TX,-6.0,25.900,-97.433,6
722505,"HARLINGEN RIO GRANDE VALLEY I",TX,-6.0,26.233,-97.650,10
722506,"MCALLEN MILLER INTL AP [EDINBURG - UT]",TX,-6.0,26.310,-98.170,30
722510,"CORPUS CHRISTI INTL ARPT [UT]",TX,-6.0,27.880,-97.630,6
722515,"CORPUS CHRISTI NAS",TX,-6.0,27.683,-97.283,6
722516,"KINGSVILLE",TX,-6.0,27.500,-97.817,17
722517,"ALICE INTL AP",TX,-6.0,27.733,-98.033,53
722520,"LAREDO INTL AP [UT]",TX,-6.0,27.570,-99.490,142
722523,"SAN ANTONIO/STINSON",TX,-6.0,29.333,-98.467,176
722524,"ROCKPORT/ARANSAS CO",TX,-6.0,28.083,-97.050,8
722526,"COTULLA FAA AP",TX,-6.0,28.450,-99.217,141
722530,"SAN ANTONIO INTL AP",TX,-6.0,29.533,-98.467,247
722533,"HONDO MUNICIPAL AP",TX,-6.0,29.367,-99.167,280
722535,"SAN ANTONIO KELLY FIELD AFB",TX,-6.0,29.383,-98.583,208
722536,"RANDOLPH AFB",TX,-6.0,29.533,-98.283,232
722540,"AUSTIN MUELLER MUNICIPAL AP [UT]",TX,-6.0,30.290,-97.740,213
722544,"CAMP MABRY",TX,-6.0,30.317,-97.767,198
722547,"GEORGETOWN (AWOS)",TX,-6.0,30.683,-97.683,240
722550,"VICTORIA REGIONAL AP",TX,-6.0,28.867,-96.933,35
722555,"PALACIOS MUNICIPAL AP",TX,-6.0,28.717,-96.250,5
722560,"WACO REGIONAL AP",TX,-6.0,31.617,-97.233,152
722563,"MC GREGOR (AWOS)",TX,-6.0,31.483,-97.317,180
722570,"FORT HOOD",TX,-6.0,31.133,-97.717,280
722575,"KILLEEN MUNI (AWOS)",TX,-6.0,31.083,-97.683,258
722576,"ROBERT GRAY AAF",TX,-6.0,31.067,-97.833,312
722577,"DRAUGHON MILLER CEN",TX,-6.0,31.150,-97.400,213
722583,"DALLAS LOVE FIELD",TX,-6.0,32.850,-96.850,134
722587,"COX FLD",TX,-6.0,33.633,-95.450,171
722588,"GREENVILLE/MAJORS",TX,-6.0,33.067,-96.067,163
722590,"DALLAS-FORT WORTH INTL AP",TX,-6.0,32.900,-97.017,171
722594,"FORT WORTH ALLIANCE",TX,-6.0,32.983,-97.317,226
722595,"FORT WORTH NAS",TX,-6.0,32.767,-97.450,185
722596,"FORT WORTH MEACHAM",TX,-6.0,32.817,-97.367,209
722597,"MINERAL WELLS MUNICIPAL AP",TX,-6.0,32.783,-98.067,284
722598,"DALLAS/ADDISON ARPT",TX,-6.0,32.967,-96.833,196
722599,"DALLAS/REDBIRD ARPT",TX,-6.0,32.683,-96.867,201
722610,"DEL RIO [UT]",TX,-6.0,29.380,-100.910,308
722615,"DEL RIO LAUGHLIN AFB",TX,-6.0,29.367,-100.783,327
722630,"SAN ANGELO MATHIS FIELD",TX,-6.0,31.350,-100.500,584
722636,"DALHART MUNICIPAL AP",TX,-6.0,36.017,-102.550,1216
722640,"MARFA AP",TX,-6.0,30.367,-104.017,1473
722650,"MIDLAND INTERNATIONAL AP",TX,-6.0,31.950,-102.183,872
722656,"WINK WINKLER COUNTY AP",TX,-6.0,31.783,-103.200,856
722660,"ABILENE REGIONAL AP [UT]",TX,-6.0,32.470,-99.710,530
722670,"LUBBOCK INTERNATIONAL AP",TX,-6.0,33.667,-101.817,992
722700,"EL PASO INTERNATIONAL AP [UT]",TX,-7.0,31.770,-106.500,1186
723510,"WICHITA FALLS MUNICIPAL ARPT",TX,-6.0,33.983,-98.500,314
723604,"CHILDRESS MUNICIPAL AP",TX,-6.0,34.433,-100.283,595
723630,"AMARILLO INTERNATIONAL AP [CANYON - UT]",TX,-6.0,34.990,-101.900,1068
690230,"WHIDBEY ISLAND NAS",WA,-8.0,48.350,-122.667,10
726988,"THE DALLES MUNICIPAL ARPT",WA,-8.0,45.617,-121.150,73
727810,"YAKIMA AIR TERMINAL",WA,-8.0,46.567,-120.550,324
727815,"STAMPEDE PASS",WA,-8.0,47.283,-121.333,1206
727825,"WENATCHEE/PANGBORN",WA,-8.0,47.400,-120.200,379
727826,"EPHRATA AP FCWOS",WA,-8.0,47.300,-119.517,384
727827,"MOSES LAKE GRANT COUNTY AP",WA,-8.0,47.200,-119.317,364
727840,"HANFORD",WA,-8.0,46.567,-119.600,223
727845,"PASCO",WA,-8.0,46.267,-119.117,136
727846,"WALLA WALLA CITY COUNTY AP",WA,-8.0,46.100,-118.283,355
727850,"SPOKANE INTERNATIONAL AP [CHENEY - UO]",WA,-8.0,47.490,-117.589,777
727855,"FAIRCHILD AFB",WA,-8.0,47.633,-117.650,743
727856,"FELTS FLD",WA,-8.0,47.683,-117.317,610
727857,"PULLMAN/MOSCOW RGNL",WA,-8.0,46.750,-117.117,778
727885,"WILLIAM R FAIRCHILD",WA,-8.0,48.117,-123.500,91
727920,"OLYMPIA AIRPORT",WA,-8.0,46.967,-122.900,63
727923,"HOQUIAM AP",WA,-8.0,46.983,-123.933,4
727924,"KELSO WB AP",WA,-8.0,46.133,-122.900,5
727926,"TOLEDO-WINLOCK MEM",WA,-8.0,46.483,-122.800,113
727928,"BREMERTON NATIONAL",WA,-8.0,47.483,-122.750,137
727930,"SEATTLE SEATTLE-TACOMA INTL A",WA,-8.0,47.467,-122.317,122
727934,"RENTON MUNI",WA,-8.0,47.483,-122.217,10
727935,"SEATTLE BOEING FIELD [ISIS]",WA,-8.0,47.680,-122.250,20
727937,"SNOHOMISH CO",WA,-8.0,47.900,-122.283,189
727938,"TACOMA NARROWS",WA,-8.0,47.267,-122.583,91
727970,"QUILLAYUTE STATE AIRPORT",WA,-8.0,47.933,-124.567,55
727976,"BELLINGHAM INTL AP",WA,-8.0,48.800,-122.533,45
742060,"TACOMA MCCHORD AFB",WA,-8.0,47.150,-122.483,88
742070,"GRAY AAF",WA,-8.0,47.083,-122.583,90
699604,"YUMA MCAS",AZ,-7.0,32.650,-114.617,65
722735,"DOUGLAS BISBEE-DOUGLAS INTL A",AZ,-7.0,31.467,-109.600,1249
722740,"TUCSON INTERNATIONAL AP",AZ,-7.0,32.133,-110.950,777
722745,"DAVIS MONTHAN AFB",AZ,-7.0,32.167,-110.883,809
722747,"SAFFORD (AMOS)",AZ,-7.0,32.817,-109.683,950
722748,"CASA GRANDA (AWOS)",AZ,-7.0,32.950,-111.767,446
722780,"PHOENIX SKY HARBOR INTL AP",AZ,-7.0,33.450,-111.983,337
722784,"DEER VALLEY/PHOENIX",AZ,-7.0,33.683,-112.083,450
722785,"LUKE AFB",AZ,-7.0,33.550,-112.367,331
722789,"SCOTTSDALE MUNI",AZ,-7.0,33.617,-111.917,460
722800,"YUMA INTL ARPT",AZ,-7.0,32.667,-114.600,63
723700,"KINGMAN (AMOS)",AZ,-7.0,35.267,-113.950,1033
723710,"PAGE MUNI (AMOS)",AZ,-7.0,36.933,-111.450,1304
723723,"PRESCOTT LOVE FIELD",AZ,-7.0,34.650,-112.417,1537
723740,"WINSLOW MUNICIPAL AP",AZ,-7.0,35.033,-110.717,1490
723747,"SHOW LOW MUNICIPAL",AZ,-7.0,34.267,-110.000,1954
723755,"FLAGSTAFF PULLIAM ARPT",AZ,-7.0,35.133,-111.667,2132
723783,"GRAND CANYON NATL P",AZ,-7.0,35.950,-112.150,2065
700197,"SELAWIK",AK,-9.0,66.600,-160.000,8
700260,"BARROW W POST-W ROGERS ARPT [NSA - ARM]",AK,-9.0,71.320,-156.620,10
700637,"DEADHORSE",AK,-9.0,70.200,-148.483,23
701043,"POINT HOPE (AWOS)",AK,-9.0,68.350,-166.800,4
701195,"SHISHMAREF (AWOS)",AK,-9.0,66.267,-166.050,2
701330,"KOTZEBUE RALPH WEIN MEMORIAL",AK,-9.0,66.883,-162.600,3
701625,"ANAKTUVUK PASS",AK,-9.0,68.133,-151.733,657
701718,"AMBLER",AK,-9.0,67.100,-157.850,88
701740,"BETTLES FIELD",AK,-9.0,66.917,-151.517,196
701780,"TANANA RALPH M CALHOUN MEM AP",AK,-9.0,65.167,-152.100,71
701940,"FORT YUKON",AK,-9.0,66.567,-145.267,136
702000,"NOME MUNICIPAL ARPT",AK,-9.0,64.517,-165.450,4
702005,"SAINT MARY`S (AWOS)",AK,-9.0,62.067,-163.300,95
702035,"SAVOONGA",AK,-9.0,63.683,-170.500,17
702040,"GAMBELL",AK,-9.0,63.783,-171.750,8
702070,"UNALAKLEET FIELD",AK,-9.0,63.883,-160.800,5
702075,"ANVIK",AK,-9.0,62.650,-160.183,99
702084,"EMMONAK",AK,-9.0,62.783,-164.500,4
702185,"MEKORYUK",AK,-9.0,60.367,-166.267,15
702186,"HOOPER BAY",AK,-9.0,61.517,-166.150,6
702190,"BETHEL AIRPORT",AK,-9.0,60.783,-161.833,38
702225,"HUSLIA",AK,-9.0,65.700,-156.383,55
702310,"MCGRATH ARPT",AK,-9.0,62.950,-155.600,105
702320,"ANIAK AIRPORT",AK,-9.0,61.583,-159.533,26
702460,"MINCHUMINA",AK,-9.0,63.883,-152.283,213
702495,"HAYES RIVER",AK,-9.0,61.983,-152.083,305
702510,"TALKEETNA STATE ARPT",AK,-9.0,62.317,-150.100,105
702590,"KENAI MUNICIPAL AP",AK,-9.0,60.583,-151.233,26
702595,"SOLDOTNA",AK,-9.0,60.467,-151.033,34
702600,"NENANA MUNICIPAL AP",AK,-9.0,64.550,-149.100,109
702606,"CHULITNA",AK,-9.0,62.883,-149.833,381
702607,"HOONAH",AK,-9.0,58.083,-135.450,6
702610,"FAIRBANKS INTL ARPT",AK,-9.0,64.817,-147.850,133
702647,"HEALY RIVER AIRPORT",AK,-9.0,63.883,-149.017,396
702650,"FAIRBANKS/EIELSON A",AK,-9.0,64.650,-147.100,167
702670,"BIG DELTA ALLEN AAF",AK,-9.0,64.000,-145.717,386
702710,"GULKANA INTERMEDIATE FIELD",AK,-9.0,62.150,-145.450,478
702720,"ANCHORAGE/ELMENDORF",AK,-9.0,61.250,-149.800,59
702725,"LAKE HOOD SEAPLANE",AK,-9.0,61.183,-149.967,22
702730,"ANCHORAGE INTL AP",AK,-9.0,61.183,-150.000,35
702735,"ANCHORAGE MERRILL FIELD",AK,-9.0,61.217,-149.850,42
702740,"PALMER MUNICIPAL",AK,-9.0,61.600,-149.083,71
702746,"BIRCHWOOD",AK,-9.0,61.417,-149.517,30
702750,"VALDEZ WSO",AK,-9.0,61.133,-146.350,7
702756,"VALDEZ PIONEER FIEL",AK,-9.0,61.133,-146.267,38
702757,"WHITTIER",AK,-9.0,60.767,-148.683,9
702770,"SEWARD",AK,-9.0,60.117,-149.450,18
702910,"NORTHWAY AIRPORT",AK,-9.0,62.967,-141.933,522
702960,"CORDOVA",AK,-9.0,60.500,-145.500,12
702986,"BIG RIVER LAKE",AK,-9.0,60.817,-152.300,12
703080,"ST PAUL ISLAND ARPT",AK,-9.0,57.167,-170.217,7
703160,"COLD BAY ARPT",AK,-9.0,55.200,-162.717,29
703165,"SAND POINT",AK,-9.0,55.317,-160.517,7
703210,"DILLINGHAM (AMOS)",AK,-9.0,59.050,-158.517,29
703260,"KING SALMON ARPT",AK,-9.0,58.683,-156.650,15
703330,"PORT HEIDEN",AK,-9.0,56.950,-158.617,29
703400,"ILIAMNA ARPT",AK,-9.0,59.750,-154.917,57
703407,"SLEETMUTE",AK,-9.0,61.717,-157.150,54
703410,"HOMER ARPT",AK,-9.0,59.650,-151.483,27
703430,"MIDDLETON ISLAND AUT",AK,-9.0,59.467,-146.317,14
703500,"KODIAK AIRPORT",AK,-9.0,57.750,-152.500,5
703606,"TOGIAC VILLAGE AWOS",AK,-9.0,59.050,-160.400,6
703610,"YAKUTAT STATE ARPT",AK,-9.0,59.517,-139.633,8
703620,"SKAGWAY AIRPORT",AK,-9.0,59.467,-135.300,9
703670,"GUSTAVUS",AK,-9.0,58.417,-135.700,12
703710,"SITKA JAPONSKI AP",AK,-9.0,57.050,-135.367,4
703810,"JUNEAU INT'L ARPT",AK,-9.0,58.350,-134.583,4
703855,"KAKE SEAPLANE BASE",AK,-9.0,56.967,-133.950,0
703860,"PETERSBURG",AK,-9.0,56.800,-132.950,33
703870,"WRANGELL",AK,-9.0,56.483,-132.367,13
703884,"HYDABURG SEAPLANE",AK,-9.0,55.200,-132.833,0
703950,"KETCHIKAN INTL AP",AK,-9.0,55.367,-131.717,23
703980,"ANNETTE ISLAND AP",AK,-9.0,55.050,-131.567,33
704140,"SHEMYA AFB",AK,-10.0,52.717,174.117,31
704540,"ADAK NAS",AK,-10.0,51.883,-176.650,5
704890,"DUTCH HARBOR",AK,-9.0,53.900,-166.550,4
722010,"KEY WEST INTL ARPT",FL,-5.0,24.550,-81.750,1
722015,"KEY WEST NAS",FL,-5.0,24.583,-81.683,7
722016,"MARATHON AIRPORT",FL,-5.0,24.733,-81.050,2
722020,"MIAMI INTL AP",FL,-5.0,25.817,-80.300,11
722024,"MIAMI/OPA LOCKA",FL,-5.0,25.900,-80.283,3
722025,"FORT LAUDERDALE HOLLYWOOD INT",FL,-5.0,26.067,-80.150,3
722026,"HOMESTEAD AFB",FL,-5.0,25.483,-80.383,5
722029,"MIAMI/KENDALL-TAMIA",FL,-5.0,25.650,-80.433,3
722030,"WEST PALM BEACH INTL ARPT",FL,-5.0,26.683,-80.100,6
722038,"NAPLES MUNICIPAL",FL,-5.0,26.150,-81.767,3
722039,"FORT LAUDERDALE",FL,-5.0,26.200,-80.167,4
722040,"MELBOURNE REGIONAL AP",FL,-5.0,28.117,-80.650,11
722045,"VERO BEACH MUNICIPAL ARPT",FL,-5.0,27.650,-80.417,7
722050,"ORLANDO INTL ARPT",FL,-5.0,28.433,-81.333,29
722053,"ORLANDO EXECUTIVE AP",FL,-5.0,28.550,-81.333,33
722055,"OCALA MUNI (AWOS)",FL,-5.0,29.167,-82.217,27
722056,"DAYTONA BEACH INTL AP",FL,-5.0,29.183,-81.067,9
722057,"ORLANDO SANFORD AIRPORT",FL,-5.0,28.783,-81.250,17
722060,"JACKSONVILLE INTL ARPT",FL,-5.0,30.500,-81.700,8
722065,"JACKSONVILLE NAS",FL,-5.0,30.233,-81.667,9
722066,"MAYPORT NS",FL,-5.0,30.400,-81.417,5
722068,"JACKSONVILLE/CRAIG",FL,-5.0,30.333,-81.517,12
722103,"ST LUCIE CO INTL",FL,-5.0,27.483,-80.367,7
722104,"ST PETERSBURG ALBERT WHITTED",FL,-5.0,27.767,-82.633,2
722106,"FORT MYERS PAGE FIELD",FL,-5.0,26.583,-81.867,5
722108,"SOUTHWEST FLORIDA I",FL,-5.0,26.533,-81.750,9
722110,"TAMPA INTERNATIONAL AP",FL,-5.0,27.967,-82.533,6
722115,"SARASOTA BRADENTON",FL,-5.0,27.383,-82.550,10
722116,"ST PETERSBURG CLEAR",FL,-5.0,27.900,-82.683,3
722119,"LAKELAND LINDER RGN",FL,-5.0,27.983,-82.017,43
722140,"TALLAHASSEE REGIONAL AP [ISIS]",FL,-5.0,30.380,-84.370,21
722146,"GAINESVILLE REGIONAL AP",FL,-5.0,29.700,-82.283,41
722210,"VALPARAISO ELGIN AFB",FL,-6.0,30.483,-86.517,20
722215,"CRESTVIEW BOB SIKES AP",FL,-6.0,30.783,-86.517,58
722223,"PENSACOLA REGIONAL AP",FL,-6.0,30.483,-87.183,34
722225,"PENSACOLA FOREST SHERMAN NAS",FL,-6.0,30.350,-87.317,10
722226,"WHITING FIELD NAAS",FL,-6.0,30.717,-87.017,54
722245,"PANAMA CITY BAY CO",FL,-6.0,30.200,-85.683,6
747750,"TYNDALL AFB",FL,-6.0,30.067,-85.583,7
747770,"VALPARAISO HURLBURT",FL,-6.0,30.417,-86.683,12
747880,"MACDILL AFB",FL,-5.0,27.850,-82.517,8
747946,"NASA SHUTTLE FCLTY",FL,-5.0,28.617,-80.717,3
722070,"SAVANNAH INTL AP",GA,-5.0,32.117,-81.200,14
722135,"ALMA BACON COUNTY AP",GA,-5.0,31.533,-82.500,63
722136,"BRUNSWICK GOLDEN IS",GA,-5.0,31.250,-81.467,8
722137,"BRUNSWICK MALCOLM MCKINNON AP",GA,-5.0,31.150,-81.383,4
722160,"ALBANY DOUGHERTY COUNTY AP",GA,-5.0,31.533,-84.183,58
722166,"VALDOSTA WB AIRPORT",GA,-5.0,30.783,-83.283,61
722170,"MACON MIDDLE GA REGIONAL AP",GA,-5.0,32.683,-83.650,108
722175,"WARNER ROBINS AFB",GA,-5.0,32.633,-83.600,92
722180,"AUGUSTA BUSH FIELD",GA,-5.0,33.367,-81.967,40
722190,"ATLANTA HARTSFIELD INTL AP",GA,-5.0,33.633,-84.433,308
722195,"FULTON CO ARPT BROW",GA,-5.0,33.767,-84.517,263
722196,"DEKALB PEACHTREE",GA,-5.0,33.867,-84.300,313
722250,"FORT BENNING LAWSON",GA,-6.0,32.350,-85.000,88
722255,"COLUMBUS METROPOLITAN ARPT",GA,-6.0,32.517,-84.950,120
722270,"MARIETTA DOBBINS AFB",GA,-5.0,33.917,-84.517,330
723110,"ATHENS BEN EPPS AP",GA,-5.0,33.950,-83.333,244
723200,"ROME R B RUSSELL AP",GA,-5.0,34.350,-85.167,195
747804,"HUNTER AAF",GA,-5.0,32.000,-81.150,13
747810,"MOODY AFB/VALDOSTA",GA,-5.0,30.967,-83.200,71
722080,"CHARLESTON INTL ARPT",SC,-5.0,32.900,-80.033,12
722085,"BEAUFORT MCAS",SC,-5.0,32.483,-80.717,10
723100,"COLUMBIA METRO ARPT",SC,-5.0,33.950,-81.117,65
723106,"FLORENCE REGIONAL AP",SC,-5.0,34.183,-79.733,44
723119,"GREENVILLE DOWNTOWN AP",SC,-5.0,34.850,-82.350,319
723120,"GREER GREENV'L-SPARTANBRG AP",SC,-5.0,34.900,-82.217,292
723125,"ANDERSON COUNTY AP",SC,-5.0,34.500,-82.717,232
747900,"SUMTER SHAW AFB",SC,-5.0,33.967,-80.467,74
747910,"MYRTLE BEACH AFB",SC,-5.0,33.683,-78.933,8
747915,"NORTH MYRTLE BEACH GRAND STRA",SC,-5.0,33.817,-78.717,10
722230,"MOBILE REGIONAL AP",AL,-6.0,30.683,-88.250,66
722235,"MOBILE DOWNTOWN AP",AL,-6.0,30.633,-88.067,8
722260,"MONTGOMERY DANNELLY FIELD",AL,-6.0,32.300,-86.400,62
722265,"MAXWELL AFB",AL,-6.0,32.383,-86.350,53
722267,"TROY AF",AL,-6.0,31.867,-86.017,120
722268,"DOTHAN MUNICIPAL AP",AL,-6.0,31.233,-85.433,98
722269,"CAIRNS FIELD FORT RUCKER",AL,-6.0,31.267,-85.717,91
722280,"BIRMINGHAM MUNICIPAL AP",AL,-6.0,33.567,-86.750,189
722284,"AUBURN-OPELIKA APT",AL,-6.0,32.616,-85.433,236
722285,"GADSEN MUNI (AWOS)",AL,-6.0,33.967,-86.083,173
722286,"TUSCALOOSA MUNICIPAL AP",AL,-6.0,33.217,-87.617,51
722287,"ANNISTON METROPOLITAN AP",AL,-6.0,33.583,-85.850,186
723230,"HUNTSVILLE INTL/JONES FIELD",AL,-6.0,34.650,-86.783,190
723235,"MUSCLE SHOALS REGIONAL AP",AL,-6.0,34.750,-87.600,165
722310,"NEW ORLEANS INTL ARPT",LA,-6.0,30.000,-90.250,1
722314,"NEW IBERIA NAAS",LA,-6.0,30.033,-91.883,8
722315,"NEW ORLEANS LAKEFRONT AP",LA,-6.0,30.050,-90.033,3
722316,"NEW ORLEANS ALVIN CALLENDER F",LA,-6.0,29.817,-90.017,2
722317,"BATON ROUGE RYAN ARPT",LA,-6.0,30.533,-91.150,20
722329,"PATTERSON MEMORIAL",LA,-6.0,29.717,-91.333,3
722390,"FORT POLK AAF",LA,-6.0,31.050,-93.183,102
722400,"LAKE CHARLES REGIONAL ARPT",LA,-6.0,30.117,-93.233,5
722404,"LAKE CHARLES WB AIRP",LA,-6.0,30.217,-93.167,5
722405,"LAFAYETTE REGIONAL AP",LA,-6.0,30.200,-91.983,12
722406,"HOUMA-TERREBONNE",LA,-6.0,29.567,-90.667,3
722480,"SHREVEPORT REGIONAL ARPT",LA,-6.0,32.450,-93.817,77
722484,"SHREVEPORT DOWNTOWN",LA,-6.0,32.533,-93.750,55
722485,"BARKSDALE AFB",LA,-6.0,32.500,-93.667,54
722486,"MONROE REGIONAL AP",LA,-6.0,32.517,-92.033,40
722487,"ALEXANDRIA ESLER REGIONAL AP",LA,-6.0,31.400,-92.300,34
747540,"ENGLAND AFB",LA,-6.0,31.317,-92.550,27
722340,"MERIDIAN KEY FIELD",MS,-6.0,32.333,-88.750,90
722345,"MERIDIAN NAAS",MS,-6.0,32.550,-88.567,83
722348,"HATTIESBURG LAUREL",MS,-6.0,31.467,-89.333,93
722350,"JACKSON INTERNATIONAL AP",MS,-6.0,32.317,-90.083,94
722356,"GREENVILLE MUNICIPAL",MS,-6.0,33.483,-90.983,42
722357,"NATCHEZ/HARDY(AWOS)",MS,-6.0,31.617,-91.300,83
722358,"MCCOMB PIKE COUNTY AP",MS,-6.0,31.233,-90.467,126
722359,"GREENWOOD LEFLORE ARPT",MS,-6.0,33.500,-90.083,47
723306,"COLUMBUS AFB",MS,-6.0,33.650,-88.450,68
723307,"GOLDEN TRI(AWOS)",MS,-6.0,33.450,-88.583,80
723320,"TUPELO C D LEMONS ARPT",MS,-6.0,34.267,-88.767,110
747685,"GULFPORT BILOXI INT",MS,-6.0,30.400,-89.067,9
747686,"KEESLER AFB",MS,-6.0,30.417,-88.917,8
722680,"ROSWELL INDUSTRIAL AIR PARK",NM,-7.0,33.300,-104.533,1112
722683,"SIERRA BLANCA RGNL",NM,-7.0,33.467,-105.533,2078
722686,"CLOVIS CANNON AFB",NM,-7.0,34.383,-103.317,1309
722687,"CARLSBAD CAVERN CITY AIR TERM",NM,-7.0,32.333,-104.267,985
722689,"CLOVIS MUNI  (AWOS)",NM,-7.0,34.433,-103.083,1284
722695,"LAS CRUCES INTL",NM,-7.0,32.283,-106.917,1393
722710,"TRUTH OR CONSEQUENCES MUNI AP",NM,-7.0,33.233,-107.267,1478
722725,"DEMING MUNI",NM,-7.0,32.250,-107.717,1348
723600,"CLAYTON MUNICIPAL AIRPARK",NM,-7.0,36.450,-103.150,1512
723627,"GALLUP SEN CLARKE FLD",NM,-7.0,35.517,-108.783,1971
723650,"ALBUQUERQUE INTL ARPT [ISIS]",NM,-7.0,35.040,-106.620,1619
723656,"SATA FE COUNTY MUNICIPAL AP",NM,-7.0,35.617,-106.083,1934
723658,"FARMINGTON FOUR CORNERS REGL",NM,-7.0,36.750,-108.233,1675
723663,"TAOS MUNI APT(AWOS)",NM,-7.0,36.450,-105.667,2161
723676,"TUCUMCARI FAA AP",NM,-7.0,35.183,-103.600,1235
723677,"LAS VEGAS MUNICIPAL ARPT",NM,-7.0,35.650,-105.150,2093
747320,"HOLLOMAN AFB",NM,-7.0,32.850,-106.100,1248
723013,"WILMINGTON INTERNATIONAL ARPT",NC,-5.0,34.267,-77.900,9
723030,"FAYETTEVILLE POPE AFB",NC,-5.0,35.167,-79.017,66
723035,"FAYETTEVILLE RGNL G",NC,-5.0,34.983,-78.883,59
723040,"CAPE HATTERAS NWS BLDG",NC,-5.0,35.267,-75.550,3
723046,"DARE CO RGNL",NC,-5.0,35.917,-75.700,4
723060,"RALEIGH DURHAM INTERNATIONAL",NC,-5.0,35.867,-78.783,127
723065,"PITT GREENVILLE ARP",NC,-5.0,35.633,-77.400,8
723066,"GOLDSBORO SEYMOUR JOHNSON AFB",NC,-5.0,35.350,-77.967,33
723067,"KINSTON STALLINGS AFB",NC,-5.0,35.317,-77.633,29
723068,"ROCKY MOUNT WILSON",NC,-5.0,35.850,-77.900,50
723069,"JACKSONVILLE (AWOS)",NC,-5.0,34.833,-77.617,29
723090,"CHERRY POINT MCAS",NC,-5.0,34.900,-76.883,11
723095,"NEW BERN CRAVEN CO REGL AP",NC,-5.0,35.067,-77.050,5
723096,"NEW RIVER MCAF",NC,-5.0,34.700,-77.383,5
723140,"CHARLOTTE DOUGLAS INTL ARPT",NC,-5.0,35.217,-80.950,222
723143,"SOUTHERN PINES AWOS",NC,-5.0,35.233,-79.400,141
723145,"HICKORY REGIONAL AP",NC,-5.0,35.733,-81.383,348
723150,"ASHEVILLE REGIONAL ARPT",NC,-5.0,35.433,-82.533,652
723170,"GREENSBORO PIEDMONT TRIAD INT",NC,-5.0,36.100,-79.950,273
723193,"WINSTON-SALEM REYNOLDS AP",NC,-5.0,36.133,-80.217,296
746930,"FORT BRAGG SIMMONS AAF",NC,-5.0,35.133,-78.933,93
746943,"ELIZABETH CITY COAST GUARD AI [NREL]",NC,-5.0,36.300,-76.250,4
723075,"OCEANA NAS",VA,-5.0,36.817,-76.033,8
723080,"NORFOLK INTERNATIONAL AP",VA,-5.0,36.900,-76.200,7
723083,"FRANKLIN NAAS",VA,-5.0,36.700,-76.900,12
723085,"NORFOLK NAS",VA,-5.0,36.950,-76.283,10
723086,"NEWPORT NEWS",VA,-5.0,37.133,-76.500,13
724010,"RICHMOND INTERNATIONAL AP",VA,-5.0,37.517,-77.317,50
724014,"DINWIDDIE CO",VA,-5.0,37.183,-77.517,60
724016,"CHARLOTTESVILLE FAA",VA,-5.0,38.133,-78.450,190
724017,"FARMVILLE",VA,-5.0,37.350,-78.433,125
724026,"MELFA/ACCOMACK ARPT",VA,-5.0,37.650,-75.767,15
724030,"WASHINGTON DC DULLES INT'L AR [STERLING - ISIS]",VA,-5.0,38.980,-77.470,82
724033,"SHANNON ARPT",VA,-5.0,38.267,-77.450,26
724035,"QUANTICO MCAS",VA,-5.0,38.500,-77.300,4
724036,"MANASSAS MUNI(AWOS)",VA,-5.0,38.717,-77.517,59
724037,"DAVISON AAF",VA,-5.0,38.717,-77.183,27
724050,"WASHINGTON DC REAGAN AP",VA,-5.0,38.867,-77.033,3
724053,"WINCHESTER RGNL",VA,-5.0,39.150,-78.150,222
724055,"LEESBURG/GODFREY",VA,-5.0,39.083,-77.567,119
724056,"MARION / WYTHEVILLE",VA,-5.0,36.900,-81.350,780
724058,"ABINGTON",VA,-5.0,36.683,-82.033,631
724100,"LYNCHBURG REGIONAL ARPT",VA,-5.0,37.333,-79.200,286
724105,"STAUNTON/SHENANDOAH",VA,-5.0,38.267,-78.900,366
724106,"DANVILLE FAA AP",VA,-5.0,36.567,-79.333,176
724107,"HILLSVILLE",VA,-5.0,36.767,-80.817,834
724110,"ROANOKE REGIONAL AP",VA,-5.0,37.317,-79.967,350
724113,"VIRGINIA TECH ARPT",VA,-5.0,37.217,-80.417,650
724115,"HOT SPRINGS/INGALLS",VA,-5.0,37.950,-79.833,1156
724116,"PULASKI",VA,-5.0,37.133,-80.683,642
724117,"WISE/LONESOME PINE",VA,-5.0,36.983,-82.533,817
745980,"LANGLEY AFB",VA,-5.0,37.083,-76.350,3
745985,"MARTINSVILLE",VA,-5.0,36.633,-80.017,287
723183,"BRISTOL TRI CITY AIRPORT",TN,-5.0,36.467,-82.400,457
723240,"CHATTANOOGA LOVELL FIELD AP",TN,-5.0,35.033,-85.200,204
723260,"KNOXVILLE MCGHEE TYSON AP",TN,-5.0,35.817,-83.983,293
723265,"CROSSVILLE MEMORIAL AP",TN,-6.0,35.950,-85.083,569
723270,"NASHVILLE INTERNATIONAL AP",TN,-6.0,36.117,-86.683,177
723340,"MEMPHIS INTERNATIONAL AP",TN,-6.0,35.067,-89.983,81
723346,"JACKSON MCKELLAR-SIPES REGL A",TN,-6.0,35.600,-88.917,132
723347,"DYERSBURG MUNICIPAL AP",TN,-6.0,36.017,-89.400,103
723300,"POPLAR BLUFF(AMOS)",MO,-6.0,36.767,-90.467,146
723489,"CAPE GIRARDEAU MUNICIPAL AP",MO,-6.0,37.233,-89.567,103
723495,"JOPLIN MUNICIPAL AP",MO,-6.0,37.150,-94.500,297
724340,"ST LOUIS LAMBERT INT'L ARPT",MO,-6.0,38.750,-90.367,173
724345,"ST LOUIS SPIRIT OF ST LOUIS A",MO,-6.0,38.650,-90.650,141
724400,"SPRINGFIELD REGIONAL ARPT",MO,-6.0,37.233,-93.383,384
724450,"COLUMBIA REGIONAL AIRPORT",MO,-6.0,38.817,-92.217,272
724454,"FARMINGTON",MO,-6.0,37.767,-90.400,274
724455,"KIRKSVILLE REGIONAL AP",MO,-6.0,40.100,-92.550,294
724456,"VICHY ROLLA NATL ARPT",MO,-6.0,38.133,-91.767,336
724457,"FT LNRD WD AAF",MO,-6.0,37.750,-92.150,351
724458,"JEFFERSON CITY MEM",MO,-6.0,38.583,-92.150,167
724459,"KAISER MEM (AWOS)",MO,-6.0,38.100,-92.550,265
724460,"KANSAS CITY INT'L ARPT",MO,-6.0,39.300,-94.717,298
724463,"KANSAS CITY DOWNTOWN AP",MO,-6.0,39.117,-94.600,226
724467,"WHITEMAN AFB",MO,-6.0,38.717,-93.550,255
724490,"ST JOSEPH ROSECRANS MEMORIAL",MO,-6.0,39.767,-94.900,247
723403,"LITTLE ROCK ADAMS FIELD",AR,-6.0,34.750,-92.233,78
723405,"LITTLE ROCK AFB",AR,-6.0,34.917,-92.150,103
723406,"WALNUT RIDGE (AWOS)",AR,-6.0,36.133,-90.917,83
723407,"JONESBORO MUNI",AR,-6.0,35.833,-90.650,82
723415,"MEMORIAL FLD",AR,-6.0,34.467,-93.100,169
723416,"STUTTGART (AWOS)",AR,-6.0,34.600,-91.567,68
723417,"PINE BLUFF FAA AP",AR,-6.0,34.167,-91.933,63
723418,"TEXARKANA WEBB FIELD",AR,-6.0,33.450,-94.000,110
723419,"EL DORADO GOODWIN FIELD",AR,-6.0,33.217,-92.817,77
723434,"SPRINGDALE MUNI",AR,-6.0,36.183,-94.117,412
723440,"FORT SMITH REGIONAL AP",AR,-6.0,35.333,-94.367,137
723443,"SILOAM SPRING(AWOS)",AR,-6.0,36.183,-94.483,364
723444,"BENTONVILLE (AWOS)",AR,-6.0,36.350,-94.217,395
723445,"FAYETTEVILLE DRAKE FIELD",AR,-6.0,36.000,-94.167,381
723446,"HARRISON FAA AP",AR,-6.0,36.267,-93.150,419
723447,"FLIPPIN (AWOS)",AR,-6.0,36.300,-92.467,350
723448,"BATESVILLE (AWOS)",AR,-6.0,35.733,-91.650,141
723449,"ROGERS (AWOS)",AR,-6.0,36.367,-94.100,415
723520,"ALTUS AFB",OK,-6.0,34.650,-99.267,414
723525,"HOBART MUNICIPAL AP",OK,-6.0,35.000,-99.050,478
723526,"CLINTON-SHERMAN",OK,-6.0,35.333,-99.200,586
723527,"GAGE AIRPORT",OK,-6.0,36.300,-99.767,668
723530,"OKLAHOMA CITY WILL ROGERS WOR",OK,-6.0,35.383,-97.600,398
723535,"VANCE AFB",OK,-6.0,36.333,-97.917,408
723540,"OKLAHOMA CITY TINKER AFB",OK,-6.0,35.417,-97.383,384
723544,"OKLAHOMA CITY/WILEY",OK,-6.0,35.533,-97.650,396
723545,"STILLWATER RGNL",OK,-6.0,36.150,-97.083,308
723546,"PONCA CITY MUNICIPAL AP [SGP - ARM]",OK,-6.0,36.610,-97.490,318
723550,"FORT SILL POST FIELD AF",OK,-6.0,34.650,-98.400,369
723560,"TULSA INTERNATIONAL AIRPORT",OK,-6.0,36.200,-95.883,198
723565,"BARTLESVILLE/PHILLI",OK,-6.0,36.767,-96.017,218
723566,"MCALESTER MUNICIPAL AP",OK,-6.0,34.900,-95.783,232
723575,"LAWTON MUNICIPAL",OK,-6.0,34.567,-98.417,338
723860,"LAS VEGAS MCCARRAN INTL AP",NV,-8.0,36.083,-115.150,648
723865,"NELLIS AFB",NV,-8.0,36.250,-115.033,573
723870,"MERCURY DESERT ROCK AP [SURFRAD]",NV,-8.0,36.630,-116.020,935
724855,"TONOPAH AIRPORT",NV,-8.0,38.067,-117.083,1655
724860,"ELY YELLAND FIELD",NV,-8.0,39.300,-114.850,1909
724880,"RENO TAHOE INTERNATIONAL AP",NV,-8.0,39.483,-119.767,1342
724885,"FALLON NAAS",NV,-8.0,39.417,-118.717,1199
725805,"LOVELOCK DERBY FIELD",NV,-8.0,40.067,-118.550,1189
725825,"ELKO MUNICIPAL ARPT",NV,-8.0,40.833,-115.800,1548
725830,"WINNEMUCCA MUNICIPAL ARPT",NV,-8.0,40.900,-117.800,1310
724040,"PATUXENT RIVER NAS",MD,-5.0,38.300,-76.417,14
724045,"SALISBURY WICOMICO CO AP",MD,-5.0,38.333,-75.517,15
724060,"BALTIMORE BLT-WASHNGTN INT'L",MD,-5.0,39.167,-76.683,45
724066,"HAGERSTOWN RGNL RIC",MD,-5.0,39.700,-77.733,220
745940,"ANDREWS AFB",MD,-5.0,38.817,-76.867,86
724070,"ATLANTIC CITY INTL AP",NJ,-5.0,39.450,-74.567,18
724075,"MILLVILLE MUNICIPAL AP",NJ,-5.0,39.367,-75.083,21
724084,"BELMAR ASC",NJ,-5.0,40.183,-74.067,26
724094,"CALDWELL/ESSEX CO.",NJ,-5.0,40.883,-74.283,53
724095,"TRENTON MERCER COUNTY AP",NJ,-5.0,40.283,-74.817,65
724096,"MCGUIRE AFB",NJ,-5.0,40.017,-74.600,45
725020,"NEWARK INTERNATIONAL ARPT",NJ,-5.0,40.717,-74.183,3
725025,"TETERBORO AIRPORT",NJ,-5.0,40.850,-74.067,3
745966,"CAPE MAY CO",NJ,-5.0,39.000,-74.917,7
724080,"PHILADELPHIA INTERNATIONAL AP",PA,-5.0,39.867,-75.233,2
724085,"PHILADELPHIA NE PHILADELPHIA",PA,-5.0,40.083,-75.017,30
724086,"WILLOW GROVE NAS",PA,-5.0,40.200,-75.150,102
725103,"READING SPAATZ FIELD",PA,-5.0,40.367,-75.967,104
725115,"MIDDLETOWN HARRISBURG INTL AP",PA,-5.0,40.200,-76.767,92
725116,"LANCASTER",PA,-5.0,40.117,-76.300,126
725117,"WASHINGTON (AWOS)",PA,-5.0,40.133,-80.283,361
725118,"HARRISBURG CAPITAL CITY ARPT",PA,-5.0,40.217,-76.850,104
725124,"BUTLER CO. (AWOS)",PA,-5.0,40.783,-79.950,380
725125,"DUBOIS FAA AP",PA,-5.0,41.183,-78.900,553
725126,"ALTOONA BLAIR CO ARPT",PA,-5.0,40.300,-78.317,451
725127,"JOHNSTOWN CAMBRIA COUNTY AP",PA,-5.0,40.317,-78.833,695
725128,"STATE COLLEGE [PENN STATE - SURFRAD]",PA,-5.0,40.720,-77.930,376
725130,"WILKES-BARRE SCRANTON INTL AP",PA,-5.0,41.333,-75.733,284
725140,"WILLIAMSPORT REGIONAL AP",PA,-5.0,41.250,-76.917,158
725170,"ALLENTOWN LEHIGH VALLEY INTL",PA,-5.0,40.650,-75.450,119
725200,"PITTSBURGH INTERNATIONAL AP",PA,-5.0,40.500,-80.233,350
725205,"PITTSBURGH ALLEGHENY CO AP",PA,-5.0,40.350,-79.917,380
725260,"ERIE INTERNATIONAL AP",PA,-5.0,42.083,-80.183,222
725266,"BRADFORD REGIONAL AP",PA,-5.0,41.800,-78.633,645
725267,"FRANKLIN",PA,-5.0,41.383,-79.867,470
724088,"DOVER AFB",DE,-5.0,39.133,-75.467,7
724089,"WILMINGTON NEW CASTLE CNTY AP",DE,-5.0,39.667,-75.600,23
724120,"BECKLEY RALEIGH CO MEM AP",WV,-5.0,37.800,-81.117,763
724125,"BLUEFIELD/MERCER CO [NREL]",WV,-5.0,37.270,-81.240,803
724127,"LEWISBURG/GREENBRIE",WV,-5.0,37.867,-80.400,702
724140,"CHARLESTON YEAGER ARPT",WV,-5.0,38.383,-81.583,310
724170,"ELKINS ELKINS-RANDOLPH CO ARP",WV,-5.0,38.883,-79.850,594
724175,"HARRISON MARION RGN",WV,-5.0,39.283,-80.233,380
724176,"MORGANTOWN HART FIELD",WV,-5.0,39.650,-79.917,378
724177,"MARTINSBURG EASTERN WV REG AP",WV,-5.0,39.400,-77.983,162
724250,"HUNTINGTON TRI-STATE ARPT",WV,-5.0,38.383,-82.550,253
724273,"PARKERSBURG WOOD COUNTY AP",WV,-5.0,39.350,-81.433,253
724275,"WHEELING OHIO COUNTY AP",WV,-5.0,40.183,-80.650,359
724210,"CINCINNATI NORTHERN KY AP",KY,-5.0,39.050,-84.667,265
724220,"LEXINGTON BLUEGRASS AP",KY,-5.0,38.033,-84.600,294
724230,"LOUISVILLE STANDIFORD FIELD",KY,-5.0,38.183,-85.733,147
724235,"LOUISVILLE BOWMAN FIELD",KY,-5.0,38.233,-85.667,165
724236,"JACKSON JULIAN CARROLL AP",KY,-5.0,37.583,-83.317,416
724238,"HENDERSON CITY",KY,-6.0,37.817,-87.683,117
724240,"FORT KNOX GODMAN AAF",KY,-5.0,37.900,-85.967,239
724243,"LONDON-CORBIN AP",KY,-5.0,37.083,-84.083,362
724350,"PADUCAH BARKLEY REGIONAL AP",KY,-6.0,37.050,-88.767,124
724354,"SOMERSET(AWOS)",KY,-5.0,38.000,-84.600,283
746710,"FORT CAMPBELL AAF",KY,-6.0,36.667,-87.483,173
746716,"BOWLING GREEN WARREN CO AP",KY,-6.0,36.983,-86.433,161
724280,"COLUMBUS PORT COLUMBUS INTL A",OH,-5.0,39.983,-82.883,247
724286,"ZANESVILLE MUNICIPAL AP",OH,-5.0,39.950,-81.900,268
724288,"OHIO STATE UNIVERSI",OH,-5.0,40.067,-83.067,283
724290,"DAYTON INTERNATIONAL AIRPORT",OH,-5.0,39.900,-84.217,305
724297,"CINCINNATI MUNICIPAL AP LUNKI",OH,-5.0,39.100,-84.417,149
725210,"AKRON AKRON-CANTON REG AP",OH,-5.0,40.917,-81.433,368
725240,"CLEVELAND HOPKINS INTL AP",OH,-5.0,41.400,-81.850,235
725245,"BURKE LAKEFRONT",OH,-5.0,41.517,-81.683,182
725246,"MANSFIELD LAHM MUNICIPAL ARPT",OH,-5.0,40.817,-82.517,395
725250,"YOUNGSTOWN REGIONAL AIRPORT",OH,-5.0,41.250,-80.667,360
725360,"TOLEDO EXPRESS AIRPORT",OH,-5.0,41.583,-83.800,204
725366,"FINDLAY AIRPORT",OH,-5.0,41.017,-83.667,244
745700,"DAYTON WRIGHT PATTERSON AFB",OH,-5.0,39.833,-84.050,250
724320,"EVANSVILLE REGIONAL AP",IN,-6.0,38.050,-87.533,116
724365,"HUNTINGBURG",IN,-5.0,38.250,-86.950,161
724373,"TERRE HAUTE HULMAN REGIONAL A",IN,-5.0,39.450,-87.300,175
724375,"MONROE CO",IN,-5.0,39.133,-86.617,264
724380,"INDIANAPOLIS INTL AP",IN,-5.0,39.717,-86.267,241
724386,"LAFAYETTE PURDUE UNIV AP",IN,-5.0,40.417,-86.933,183
725330,"FORT WAYNE INTL AP",IN,-5.0,41.000,-85.200,241
725335,"GRISSOM ARB",IN,-5.0,40.650,-86.150,253
725336,"DELAWARE CO JOHNSON",IN,-5.0,40.233,-85.400,293
725350,"SOUTH BEND MICHIANA RGNL AP",IN,-5.0,41.700,-86.333,236
724335,"MOUNT VERNON (AWOS)",IL,-6.0,38.317,-88.867,146
724336,"SOUTHERN ILLINOIS",IL,-6.0,37.767,-89.250,128
724338,"BELLEVILLE SCOTT AFB",IL,-6.0,38.550,-89.850,135
724339,"MARION REGIONAL",IL,-6.0,37.750,-89.017,144
724390,"SPRINGFIELD CAPITAL AP",IL,-6.0,39.850,-89.683,179
724396,"QUINCY MUNI BALDWIN FLD",IL,-6.0,39.933,-91.200,233
724397,"CENTRAL ILLINOIS RG",IL,-6.0,40.467,-88.917,272
725300,"CHICAGO OHARE INTL AP",IL,-6.0,41.983,-87.917,201
725305,"W. CHICAGO/DU PAGE",IL,-6.0,41.917,-88.250,231
725314,"CAHOKIA/ST. LOUIS",IL,-6.0,38.567,-90.150,126
725315,"UNIV OF ILLINOIS WI [BONDVILLE - SURFRAD]",IL,-6.0,40.060,-88.370,213
725316,"DECATUR",IL,-6.0,39.833,-88.867,213
725320,"PEORIA GREATER PEORIA AP",IL,-6.0,40.667,-89.683,199
725326,"STERLING ROCKFALLS",IL,-6.0,41.750,-89.667,197
725340,"CHICAGO MIDWAY AP",IL,-6.0,41.783,-87.750,186
725347,"CHICAGO/WAUKEGAN",IL,-6.0,42.417,-87.867,222
725430,"ROCKFORD GREATER ROCKFORD AP",IL,-6.0,42.200,-89.100,223
725440,"MOLINE QUAD CITY INTL AP",IL,-6.0,41.467,-90.517,180
744655,"AURORA MUNICIPAL",IL,-6.0,41.767,-88.467,215
724468,"OLATHE/JOHNSON CO.",KS,-6.0,38.850,-94.733,334
724475,"OLATHE JOHNSON CO INDUSTRIAL",KS,-6.0,38.833,-94.883,331
724500,"WICHITA MID-CONTINENT AP",KS,-6.0,37.650,-97.433,402
724504,"WICHITA/COL. JABARA",KS,-6.0,37.750,-97.217,433
724505,"MCCONNELL AFB",KS,-6.0,37.617,-97.267,414
724506,"HUTCHINSON MUNICIPAL AP",KS,-6.0,38.067,-97.867,463
724507,"CHANUTE MARTIN JOHNSON AP",KS,-6.0,37.667,-95.483,298
724509,"NEWTON (AWOS)",KS,-6.0,38.050,-97.283,467
724510,"DODGE CITY REGIONAL AP",KS,-6.0,37.767,-99.967,785
724515,"GARDEN CITY MUNICIPAL AP",KS,-6.0,37.933,-100.717,878
724516,"LIBERAL MUNI",KS,-6.0,37.033,-100.967,901
724517,"GREAT BEND (AWOS)",KS,-6.0,38.350,-98.867,575
724518,"HAYS MUNI (AWOS)",KS,-6.0,38.850,-99.267,609
724550,"FORT RILEY MARSHALL AAF",KS,-6.0,39.050,-96.767,324
724555,"MANHATTAN RGNL",KS,-6.0,39.133,-96.667,330
724556,"EMPORIA MUNICIPAL AP",KS,-6.0,38.333,-96.183,368
724560,"TOPEKA MUNICIPAL AP",KS,-6.0,39.067,-95.633,269
724565,"TOPEKA FORBES FIELD",KS,-6.0,38.950,-95.667,325
724580,"CONCORDIA BLOSSER MUNI AP",KS,-6.0,39.550,-97.650,448
724585,"RUSSELL MUNICIPAL AP",KS,-6.0,38.883,-98.817,566
724586,"SALINA MUNICIPAL AP",KS,-6.0,38.817,-97.667,385
724650,"GOODLAND RENNER FIELD",KS,-7.0,39.367,-101.700,1111
724655,"HILL CITY MUNICIPAL AP",KS,-6.0,39.383,-99.833,667
724620,"ALAMOSA SAN LUIS VALLEY RGNL",CO,-7.0,37.433,-105.867,2296
724625,"DURANGO/LA PLATA CO",CO,-7.0,37.150,-107.750,2038
724635,"LA JUNTA MUNICIPAL AP",CO,-7.0,38.050,-103.533,1281
724636,"LAMAR MUNICIPAL",CO,-7.0,38.067,-102.683,1129
724640,"PUEBLO MEMORIAL AP",CO,-7.0,38.283,-104.500,1428
724645,"TRINIDAD LAS ANIMAS COUNTY AP",CO,-7.0,37.267,-104.333,1751
724660,"COLORADO SPRINGS MUNI AP",CO,-7.0,38.817,-104.717,1872
724665,"LIMON",CO,-7.0,39.183,-103.717,1695
724666,"DENVER/CENTENNIAL [GOLDEN - NREL]",CO,-7.0,39.742,-105.179,1829
724673,"LEADVILLE/LAKE CO.",CO,-7.0,39.217,-106.317,3026
724675,"EAGLE COUNTY AP",CO,-7.0,39.650,-106.917,1980
724676,"ASPEN PITKIN CO SAR",CO,-7.0,39.217,-106.867,2444
724677,"GUNNISON CO. (AWOS)",CO,-7.0,38.533,-106.933,2339
724695,"AURORA BUCKLEY FIELD ANGB",CO,-7.0,39.717,-104.750,1726
724698,"AKRON WASHINGTON CO AP",CO,-7.0,40.167,-103.233,1421
724699,"BROOMFIELD/JEFFCO [BOULDER - SURFRAD]",CO,-7.0,40.130,-105.240,1689
724760,"GRAND JUNCTION WALKER FIELD",CO,-7.0,39.133,-108.533,1475
724765,"MONTROSE CO. ARPT",CO,-7.0,38.500,-107.900,1755
724767,"CORTEZ/MONTEZUMA CO",CO,-7.0,37.300,-108.633,1803
724768,"GREELEY/WELD (AWOS)",CO,-7.0,40.433,-104.633,1420
724769,"FORT COLLINS (AWOS)",CO,-7.0,40.450,-105.017,1529
725650,"DENVER INTL AP",CO,-7.0,39.833,-104.650,1650
725700,"CRAIG-MOFFAT",CO,-7.0,40.500,-107.533,1915
725715,"HAYDEN/YAMPA (AWOS)",CO,-7.0,40.483,-107.217,2012
725717,"RIFLE/GARFIELD RGNL",CO,-7.0,39.533,-107.717,1691
724723,"BLANDING",UT,-7.0,37.617,-109.483,1841
724735,"HANKSVILLE",UT,-7.0,38.367,-110.717,1313
724754,"SAINT GEORGE (AWOS)",UT,-7.0,37.083,-113.600,896
724755,"CEDAR CITY MUNICIPAL AP",UT,-7.0,37.700,-113.100,1703
724756,"BRYCE CNYN FAA AP",UT,-7.0,37.700,-112.150,2312
724776,"MOAB/CANYONLANDS [UO]",UT,-7.0,38.580,-109.540,1000
724795,"DELTA",UT,-7.0,39.333,-112.583,1414
725705,"VERNAL",UT,-7.0,40.433,-109.517,1608
725720,"SALT LAKE CITY INT'L ARPT [ISIS]",UT,-7.0,40.770,-111.970,1288
725724,"PROVO MUNI (AWOS)",UT,-7.0,40.217,-111.717,1369
725750,"OGDEN HINKLEY AIRPORT",UT,-7.0,41.200,-112.017,1362
725755,"OGDEN HILL AFB",UT,-7.0,41.117,-111.967,1459
725810,"WENDOVER USAF AUXILIARY FIELD",UT,-8.0,40.717,-114.033,1291
725029,"OXFORD (AWOS)",CT,-5.0,41.483,-73.133,222
725040,"BRIDGEPORT SIKORSKY MEMORIAL",CT,-5.0,41.183,-73.150,3
725045,"NEW HAVEN TWEED AIRPORT",CT,-5.0,41.267,-72.883,2
725046,"GROTON NEW LONDON AP",CT,-5.0,41.333,-72.050,3
725080,"HARTFORD BRADLEY INTL AP",CT,-5.0,41.933,-72.683,49
725086,"DANBURY MUNICIPAL",CT,-5.0,41.367,-73.483,139
725087,"HARTFORD BRAINARD FD",CT,-5.0,41.733,-72.650,6
725030,"NEW YORK LAGUARDIA ARPT",NY,-5.0,40.783,-73.883,3
725033,"NEW YORK CENTRAL PRK OBS BELV",NY,-5.0,40.783,-73.967,40
725035,"ISLIP LONG ISL MACARTHUR AP",NY,-5.0,40.783,-73.100,26
725036,"POUGHKEEPSIE DUTCHESS CO AP",NY,-5.0,41.633,-73.883,47
725037,"WHITE PLAINS WESTCHESTER CO A",NY,-5.0,41.067,-73.717,122
725038,"STEWART FIELD",NY,-5.0,41.500,-74.100,177
725145,"MONTICELLO(AWOS)",NY,-5.0,41.700,-74.800,428
725150,"BINGHAMTON EDWIN A LINK FIELD",NY,-5.0,42.200,-75.983,488
725156,"ELMIRA CORNING REGIONAL AP",NY,-5.0,42.167,-76.900,291
725180,"ALBANY COUNTY AP",NY,-5.0,42.750,-73.800,84
725185,"GLENS FALLS AP",NY,-5.0,43.350,-73.617,98
725190,"SYRACUSE HANCOCK INT'L ARPT",NY,-5.0,43.117,-76.100,125
725197,"UTICA ONEIDA COUNTY AP",NY,-5.0,43.150,-75.383,217
725235,"JAMESTOWN (AWOS)",NY,-5.0,42.150,-79.267,525
725280,"BUFFALO NIAGARA INTL AP",NY,-5.0,42.933,-78.733,215
725287,"NIAGARA FALLS AF",NY,-5.0,43.100,-78.950,180
725290,"ROCHESTER GREATER ROCHESTER I",NY,-5.0,43.117,-77.683,183
726223,"MASSENA AP",NY,-5.0,44.933,-74.850,65
726227,"WATERTOWN AP",NY,-5.0,44.000,-76.017,97
726228,"ADIRONDACK RGNL",NY,-5.0,44.383,-74.200,520
743700,"FORT DRUM/WHEELER-S",NY,-5.0,44.050,-75.717,211
744860,"NEW YORK J F KENNEDY INT'L AR",NY,-5.0,40.650,-73.800,5
744864,"REPUBLIC",NY,-5.0,40.717,-73.417,26
744865,"WESTHAMPTON GABRESKI AP",NY,-5.0,40.850,-72.633,20
725054,"PAWTUCKET (AWOS)",RI,-5.0,41.917,-71.500,134
725058,"BLOCK ISLAND STATE ARPT",RI,-5.0,41.167,-71.583,34
725070,"PROVIDENCE T F GREEN STATE AR",RI,-5.0,41.717,-71.433,16
725060,"OTIS ANGB",MA,-5.0,41.650,-70.517,40
725063,"NANTUCKET MEMORIAL AP",MA,-5.0,41.250,-70.067,14
725064,"PLYMOUTH MUNICIPAL",MA,-5.0,41.917,-70.733,45
725065,"NEW BEDFORD RGNL",MA,-5.0,41.667,-70.950,25
725066,"MARTHAS VINEYARD",MA,-5.0,41.400,-70.617,21
725067,"BARNSTABLE MUNI BOA",MA,-5.0,41.667,-70.283,17
725073,"PROVINCETOWN (AWOS)",MA,-5.0,42.067,-70.217,2
725075,"NORTH ADAMS",MA,-5.0,42.700,-73.167,201
725088,"BEVERLY MUNI",MA,-5.0,42.583,-70.917,34
725090,"BOSTON LOGAN INT'L ARPT",MA,-5.0,42.367,-71.017,6
725095,"WORCHESTER REGIONAL ARPT",MA,-5.0,42.267,-71.883,300
725098,"NORWOOD MEMORIAL",MA,-5.0,42.183,-71.183,15
744904,"LAWRENCE MUNI",MA,-5.0,42.717,-71.117,46
744910,"CHICOPEE FALLS WESTO",MA,-5.0,42.200,-72.533,75
744915,"WESTFIELD BARNES MUNI AP",MA,-5.0,42.150,-72.717,83
725165,"RUTLAND STATE",VT,-5.0,43.517,-72.950,246
726115,"SPRINGFIELD/HARTNES",VT,-5.0,43.350,-72.517,176
726145,"MONTPELIER AP",VT,-5.0,44.200,-72.567,343
726170,"BURLINGTON INTERNATIONAL AP",VT,-5.0,44.467,-73.150,101
725370,"DETROIT METROPOLITAN ARPT",MI,-5.0,42.217,-83.350,194
725374,"ANN ARBOR MUNICIPAL",MI,-5.0,42.217,-83.750,256
725375,"DETROIT CITY AIRPORT",MI,-5.0,42.400,-83.000,190
725376,"DETROIT WILLOW RUN AP",MI,-5.0,42.233,-83.533,218
725377,"MOUNT CLEMENS SELFRIDGE FLD",MI,-5.0,42.617,-82.833,177
725378,"HOWELL",MI,-5.0,42.633,-83.983,293
725384,"ST.CLAIR COUNTY INT",MI,-5.0,42.917,-82.533,198
725390,"LANSING CAPITAL CITY ARPT",MI,-5.0,42.783,-84.583,256
725395,"JACKSON REYNOLDS FIELD",MI,-5.0,42.267,-84.467,304
725396,"BATTLE CREEK KELLOGG AP",MI,-5.0,42.300,-85.250,283
726350,"GRAND RAPIDS KENT COUNTY INT'",MI,-5.0,42.883,-85.517,242
726355,"BENTON HARBOR/ROSS",MI,-5.0,42.133,-86.433,196
726357,"KALAMAZOO BATTLE CR",MI,-5.0,42.233,-85.550,273
726360,"MUSKEGON COUNTY ARPT",MI,-5.0,43.167,-86.233,190
726370,"FLINT BISHOP INTL ARPT",MI,-5.0,42.967,-83.750,234
726375,"OAKLAND CO INTL",MI,-5.0,42.667,-83.417,306
726379,"SAGINAW TRI CITY INTL AP",MI,-5.0,43.533,-84.083,201
726380,"HOUGHTON LAKE ROSCOMMON CO AR",MI,-5.0,44.367,-84.683,351
726384,"CADILLAC WEXFORD CO AP",MI,-5.0,44.283,-85.417,396
726385,"MANISTEE (AWOS)",MI,-5.0,44.267,-86.250,189
726387,"TRAVERSE CITY CHERRY CAPITAL",MI,-5.0,44.733,-85.583,188
726390,"ALPENA COUNTY REGIONAL AP",MI,-5.0,45.067,-83.583,210
726395,"OSCODA WURTSMITH AFB",MI,-5.0,44.450,-83.400,188
726480,"ESCANABA (AWOS)",MI,-5.0,45.750,-87.033,187
726487,"MENOMINEE (AWOS)",MI,-6.0,45.133,-87.633,191
727340,"SAULT STE MARIE SANDERSON FIE",MI,-5.0,46.467,-84.350,219
727344,"CHIPPEWA CO INTL",MI,-5.0,46.250,-84.467,250
727347,"PELLSTON EMMET COUNTY AP",MI,-5.0,45.567,-84.783,218
727437,"IRON MOUNTAIN/FORD",MI,-6.0,45.817,-88.117,360
727440,"HANCOCK HOUGHTON CO AP",MI,-5.0,47.167,-88.500,327
727445,"IRONWOOD (AWOS)",MI,-6.0,46.533,-90.133,375
725450,"CEDAR RAPIDS MUNICIPAL AP",IA,-6.0,41.883,-91.717,256
725453,"ATLANTIC",IA,-6.0,41.400,-95.050,360
725454,"WASHINGTON",IA,-6.0,41.283,-91.667,230
725455,"BURLINGTON MUNICIPAL AP",IA,-6.0,40.783,-91.117,211
725456,"KEOKUK MUNI",IA,-6.0,40.467,-91.433,205
725457,"ALGONA",IA,-6.0,43.083,-94.267,372
725460,"DES MOINES INTL AP",IA,-6.0,41.533,-93.667,292
725463,"CHARLES CITY",IA,-6.0,43.067,-92.617,343
725464,"NEWTON MUNI",IA,-6.0,41.683,-93.017,290
725465,"OTTUMWA INDUSTRIAL AP",IA,-6.0,41.100,-92.450,257
725467,"SHENANDOAH MUNI",IA,-6.0,40.750,-95.417,296
725468,"CARROLL",IA,-6.0,42.050,-94.783,375
725469,"CHARITON",IA,-6.0,41.033,-93.367,320
725470,"DUBUQUE REGIONAL AP",IA,-6.0,42.400,-90.700,322
725473,"CLINTON MUNI (AWOS)",IA,-6.0,41.833,-90.333,216
725474,"CRESTON",IA,-6.0,41.017,-94.367,394
725475,"MONTICELLO MUNI",IA,-6.0,42.233,-91.167,259
725476,"DECORAH",IA,-6.0,43.283,-91.733,353
725477,"DENISON",IA,-6.0,41.983,-95.383,388
725478,"WEBSTER CITY",IA,-6.0,42.433,-93.867,342
725479,"CLARINDA",IA,-6.0,40.717,-95.033,303
725480,"WATERLOO MUNICIPAL AP",IA,-6.0,42.550,-92.400,264
725483,"FORT MADISON",IA,-6.0,40.667,-91.333,221
725484,"LE MARS",IA,-6.0,42.783,-96.200,365
725485,"MASON CITY MUNICIPAL ARPT",IA,-6.0,43.150,-93.333,364
725486,"BOONE MUNI",IA,-6.0,42.050,-93.850,354
725487,"MUSCATINE",IA,-6.0,41.367,-91.150,167
725488,"OELWEN",IA,-6.0,42.683,-91.967,328
725489,"ORANGE CITY",IA,-6.0,42.983,-96.067,431
725490,"FORT DODGE (AWOS)",IA,-6.0,42.550,-94.183,355
725493,"KNOXVILLE",IA,-6.0,41.300,-93.117,283
725494,"RED OAK",IA,-6.0,41.017,-95.267,318
725495,"SHELDON",IA,-6.0,43.217,-95.833,432
725496,"STORM LAKE",IA,-6.0,42.600,-95.233,454
725497,"COUNCIL BLUFFS",IA,-6.0,41.267,-95.767,382
725570,"SIOUX CITY SIOUX GATEWAY AP",IA,-6.0,42.383,-96.383,333
726498,"FAIR FIELD",IA,-6.0,41.050,-91.983,244
726499,"ESTHERVILLE MUNI",IA,-6.0,43.400,-94.750,401
726500,"SPENCER",IA,-6.0,43.167,-95.150,408
725500,"OMAHA EPPLEY AIRFIELD",NE,-6.0,41.317,-95.900,299
725510,"LINCOLN MUNICIPAL ARPT",NE,-6.0,40.833,-96.767,357
725515,"BEATRICE MUNICIPAL",NE,-6.0,40.300,-96.750,403
725520,"GRAND ISLAND CENTRAL NE REGIO",NE,-6.0,40.967,-98.317,561
725524,"ORD/SHARP FIELD",NE,-6.0,41.617,-98.950,631
725525,"HASTINGS MUNICIPAL",NE,-6.0,40.600,-98.433,596
725526,"KEARNEY MUNI (AWOS)",NE,-6.0,40.733,-99.000,649
725527,"TEKAMAH (ASOS)",NE,-6.0,41.767,-96.167,312
725530,"OMAHA WSFO",NE,-6.0,41.367,-96.017,399
725533,"FALLS CITY/BRENNER",NE,-6.0,40.083,-95.600,300
725540,"BELLEVUE OFFUTT AFB",NE,-6.0,41.117,-95.917,319
725555,"BROKEN BOW MUNI",NE,-6.0,41.433,-99.650,776
725556,"AINSWORTH MUNICIPAL",NE,-6.0,42.583,-100.000,789
725560,"NORFOLK KARL STEFAN MEM ARPT",NE,-6.0,41.983,-97.433,472
725564,"FREMONT MUNI ARPT",NE,-6.0,41.450,-96.517,379
725565,"COLUMBUS MUNI",NE,-6.0,41.450,-97.333,451
725566,"O`NEILL/BAKER FIELD",NE,-6.0,42.467,-98.683,619
725610,"SIDNEY MUNICIPAL AP",NE,-7.0,41.100,-102.983,1313
725620,"NORTH PLATTE REGIONAL AP",NE,-6.0,41.117,-100.667,847
725625,"MCCOOK MUNICIPAL",NE,-6.0,40.200,-100.583,786
725626,"IMPERIAL FAA AP",NE,-7.0,40.517,-101.617,998
725628,"BREWSTER FIELD ARPT",NE,-6.0,40.450,-99.333,704
725635,"ALLIANCE MUNICIPAL",NE,-7.0,42.050,-102.800,1198
725636,"CHADRON MUNICIPAL AP",NE,-7.0,42.833,-103.083,1011
725660,"SCOTTSBLUFF W B HEILIG FIELD",NE,-7.0,41.867,-103.600,1202
725670,"VALENTINE MILLER FIELD",NE,-6.0,42.867,-100.550,789
725640,"CHEYENNE MUNICIPAL ARPT",WY,-7.0,41.150,-104.800,1867
725645,"LARAMIE GENERAL BREES FIELD",WY,-7.0,41.317,-105.683,2215
725690,"CASPER NATRONA CO INTL AP",WY,-7.0,42.900,-106.467,1627
725744,"ROCK SPRINGS ARPT [GREEN RIVER - UO]",WY,-7.0,41.460,-109.440,1000
725745,"RAWLINS MUNICIPAL AP",WY,-7.0,41.800,-107.200,2053
725760,"LANDER HUNT FIELD",WY,-7.0,42.817,-108.733,1694
725765,"RIVERTON MUNICIPL AP",WY,-7.0,43.050,-108.450,1663
725775,"EVANSTON/BURNS FLD",WY,-7.0,41.283,-111.033,2183
725776,"JACKSON HOLE",WY,-7.0,43.600,-110.733,2016
726650,"GILLETTE/GILLETTE-C",WY,-7.0,44.350,-105.533,1230
726660,"SHERIDAN COUNTY ARPT",WY,-7.0,44.767,-106.967,1208
726665,"WORLAND MUNICIPAL",WY,-7.0,43.967,-107.950,1294
726700,"CODY MUNI (AWOS)",WY,-7.0,44.517,-109.017,1553
725780,"POCATELLO REGIONAL AP",ID,-7.0,42.917,-112.567,1353
725785,"IDAHO FALLS FANNING FIELD",ID,-7.0,43.517,-112.067,1441
725786,"MALAD CITY",ID,-7.0,42.150,-112.283,1362
725865,"HAILEY/FRIEDMAN MEM",ID,-7.0,43.500,-114.300,1620
725866,"JOSLIN FLD MAGIC VA [TWIN FALLS - UO]",ID,-7.0,42.550,-114.350,1200
725867,"BURLEY MUNICIPAL ARPT",ID,-7.0,42.533,-113.767,1267
725868,"SODA SPRINGS/TIGERT",ID,-7.0,42.650,-111.583,1780
726810,"BOISE AIR TERMINAL [UO]",ID,-7.0,43.620,-116.210,701
726813,"CALDWELL (AWOS)",ID,-7.0,43.633,-116.633,740
726815,"MOUNTAIN HOME AFB",ID,-7.0,43.050,-115.867,912
726865,"SALMON/LEMHI (AWOS)",ID,-7.0,45.117,-113.883,1233
727830,"LEWISTON NEZ PERCE CNTY AP",ID,-8.0,46.367,-117.017,438
727834,"COEUR D`ALENE(AWOS)",ID,-8.0,47.767,-116.817,707
725895,"KLAMATH FALLS INTL AP [UO]",OR,-8.0,42.220,-121.740,1220
725970,"MEDFORD ROGUE VALLEY INTL AP [ASHLAND - UO]",OR,-8.0,42.190,-122.700,595
725975,"SEXTON SUMMIT",OR,-8.0,42.600,-123.367,1168
725976,"LAKEVIEW (AWOS)",OR,-8.0,42.167,-120.400,1441
726830,"BURNS MUNICIPAL ARPT [UO]",OR,-8.0,43.520,-119.020,1271
726835,"REDMOND ROBERTS FIELD",OR,-8.0,44.250,-121.167,933
726880,"PENDLETON E OR REGIONAL AP",OR,-8.0,45.700,-118.833,452
726884,"LA GRANDE MUNI AP",OR,-8.0,45.283,-118.000,827
726886,"BAKER MUNICIPAL AP",OR,-8.0,44.833,-117.817,1027
726904,"ROSEBURG REGIONAL AP",OR,-8.0,43.233,-123.350,160
726917,"NORTH BEND MUNI AIRPORT",OR,-8.0,43.417,-124.250,2
726930,"EUGENE MAHLON SWEET ARPT [UO]",OR,-8.0,44.050,-123.070,109
726940,"SALEM MCNARY FIELD",OR,-8.0,44.900,-123.000,60
726945,"CORVALLIS MUNI",OR,-8.0,44.483,-123.283,77
726959,"AURORA STATE",OR,-8.0,45.250,-122.767,60
726980,"PORTLAND INTERNATIONAL AP",OR,-8.0,45.600,-122.617,6
726985,"PORTLAND/TROUTDALE",OR,-8.0,45.550,-122.400,11
726986,"PORTLAND/HILLSBORO",OR,-8.0,45.533,-122.950,62
727910,"ASTORIA REGIONAL AIRPORT",OR,-8.0,46.150,-123.883,3
726050,"CONCORD MUNICIPAL ARPT",NH,-5.0,43.200,-71.500,106
726055,"PEASE INTL TRADEPOR",NH,-5.0,43.083,-70.817,31
726116,"LEBANON MUNICIPAL",NH,-5.0,43.633,-72.300,182
726130,"MOUNT WASHINGTON",NH,-5.0,44.267,-71.300,1910
726155,"LACONIA MUNI (AWOS)",NH,-5.0,43.567,-71.417,166
726160,"BERLIN MUNICIPAL",NH,-5.0,44.583,-71.183,353
726165,"DILLANT HOPKINS",NH,-5.0,42.900,-72.267,153
743945,"MANCHESTER AIRPORT",NH,-5.0,42.933,-71.433,69
726060,"PORTLAND INTL JETPORT",ME,-5.0,43.650,-70.300,14
726064,"SANFORD MUNI (AWOS)",ME,-5.0,43.400,-70.717,74
726073,"WATERVILLE (AWOS)",ME,-5.0,44.533,-69.683,101
726077,"BAR HARBOR (AWOS)",ME,-5.0,44.450,-68.367,26
726079,"ROCKLAND/KNOX(AWOS)",ME,-5.0,44.067,-69.100,17
726083,"NORTHERN AROOSTOOK",ME,-5.0,47.283,-68.317,309
726088,"BANGOR INTERNATIONAL AP",ME,-5.0,44.800,-68.817,56
726184,"AUBURN-LEWISTON",ME,-5.0,44.050,-70.283,88
726185,"AUGUSTA AIRPORT",ME,-5.0,44.317,-69.800,107
726196,"MILLINOCKET MUNICIPAL AP",ME,-5.0,45.650,-68.683,124
727033,"HOULTON INTL ARPT",ME,-5.0,46.117,-67.800,150
727120,"CARIBOU MUNICIPAL ARPT",ME,-5.0,46.867,-68.033,190
727130,"PRESQUE ISLE MUNICIP",ME,-5.0,46.683,-68.050,163
727135,"WISCASSET",ME,-5.0,43.967,-69.717,21
743920,"NAVAL AIR STATION",ME,-5.0,43.900,-69.933,21
726400,"MILWAUKEE MITCHELL INTL AP",WI,-6.0,42.950,-87.900,205
726404,"MINOCQUA/WOODRUFF",WI,-6.0,45.933,-89.733,496
726410,"MADISON DANE CO REGIONAL ARPT [ISIS]",WI,-6.0,43.130,-89.330,262
726415,"JANESVILLE/ROCK CO.",WI,-6.0,42.617,-89.033,246
726416,"LONE ROCK FAA AP",WI,-6.0,43.200,-90.183,219
726430,"LA CROSSE MUNICIPAL ARPT",WI,-6.0,43.867,-91.250,198
726435,"EAU CLAIRE COUNTY AP",WI,-6.0,44.867,-91.483,271
726450,"GREEN BAY AUSTIN STRAUBEL INT",WI,-6.0,44.483,-88.133,209
726455,"MANITOWAC MUNI AWOS",WI,-6.0,44.133,-87.683,198
726456,"WITTMAN RGNL",WI,-6.0,43.983,-88.550,253
726457,"APPLETON/OUTAGAMIE",WI,-6.0,44.250,-88.517,280
726458,"STURGEON BAY",WI,-5.0,44.850,-87.417,221
726463,"WAUSAU MUNICIPAL ARPT",WI,-6.0,44.917,-89.633,366
726464,"WATERTOWN",WI,-6.0,43.167,-88.717,254
726465,"MOSINEE/CENTRAL WI",WI,-6.0,44.783,-89.667,389
726467,"RICE LAKE MUNICIPAL",WI,-6.0,45.483,-91.717,347
726468,"PHILLIPS/PRICE CO.",WI,-6.0,45.700,-90.400,449
726574,"MARSHFIELD MUNI",WI,-6.0,44.633,-90.183,389
726626,"ANTIGO\LANG(AWOS)",WI,-5.0,45.150,-87.150,464
727415,"RHINELANDER ONEIDA",WI,-6.0,45.633,-89.467,507
726440,"ROCHESTER INTERNATIONAL ARPT",MN,-6.0,43.900,-92.500,398
726544,"ORR",MN,-6.0,48.017,-92.867,397
726547,"GLENWOOD (ASOS)",MN,-6.0,45.650,-95.317,425
726550,"ST CLOUD REGIONAL ARPT",MN,-6.0,45.550,-94.050,311
726555,"BRAINERD/WIELAND",MN,-6.0,46.400,-94.133,374
726556,"REDWOOD FALLS MUNI",MN,-6.0,44.550,-95.083,312
726557,"ALEXANDRIA MUNICIPAL AP",MN,-6.0,45.883,-95.400,433
726558,"CLOQUET (AWOS)",MN,-6.0,46.700,-92.500,390
726559,"MARSHALL/RYAN(AWOS)",MN,-6.0,44.450,-95.817,359
726560,"FERGUS FALLS(AWOS)",MN,-6.0,46.283,-96.150,361
726563,"FARIBAULT MUNI AWOS",MN,-6.0,44.333,-93.317,322
726564,"RED WING",MN,-6.0,44.583,-92.483,239
726565,"MORRIS MUNI (AWOS)",MN,-6.0,45.567,-95.967,344
726566,"PIPESTONE (AWOS)",MN,-6.0,43.983,-96.317,529
726567,"NEW ULM MUNI (AWOS)",MN,-6.0,44.317,-94.500,308
726568,"OWATONNA (AWOS)",MN,-6.0,44.117,-93.250,350
726569,"HUTCHINSON (AWOS)",MN,-6.0,44.867,-94.383,323
726575,"MINNEAPOLIS/CRYSTAL",MN,-6.0,45.067,-93.350,265
726576,"WILLMAR",MN,-6.0,45.117,-95.083,345
726578,"LITTLE FALLS (AWOS)",MN,-6.0,45.950,-94.350,342
726579,"FLYING CLOUD",MN,-6.0,44.817,-93.450,283
726580,"MINNEAPOLIS-ST PAUL INT'L ARP",MN,-6.0,44.883,-93.233,254
726583,"LITCHFIELD MUNI",MN,-6.0,45.100,-94.500,347
726584,"ST PAUL DOWNTOWN AP",MN,-6.0,44.933,-93.050,220
726585,"MANKATO(AWOS)",MN,-6.0,44.217,-93.917,311
726586,"FAIRMONT MUNI(AWOS)",MN,-6.0,43.650,-94.417,354
726587,"WORTHINGTON (AWOS)",MN,-6.0,43.650,-95.583,480
726588,"WINONA MUNI (AWOS)",MN,-6.0,44.083,-91.700,200
726589,"ALBERT LEA (AWOS)",MN,-6.0,43.683,-93.367,383
726603,"SOUTH ST PAUL MUNI",MN,-6.0,44.850,-93.150,250
727444,"TWO HARBORS",MN,-6.0,47.050,-91.750,328
727450,"DULUTH INTERNATIONAL ARPT",MN,-6.0,46.833,-92.217,433
727452,"CROOKSTON MUNI FLD",MN,-6.0,47.850,-96.617,273
727453,"PARK RAPIDS MUNICIPAL AP",MN,-6.0,46.900,-95.067,437
727455,"HIBBING CHISHOLM-HIBBING AP",MN,-6.0,47.383,-92.850,411
727457,"DETROIT LAKES(AWOS)",MN,-6.0,46.833,-95.883,426
727458,"GRAND RAPIDS(AWOS)",MN,-6.0,47.217,-93.517,413
727459,"ELY MUNI",MN,-6.0,47.817,-91.833,455
727470,"INTERNATIONAL FALLS INTL AP",MN,-6.0,48.567,-93.400,359
727473,"CRANE LAKE (AWOS)",MN,-6.0,46.267,-92.567,350
727474,"EVELETH MUNI (AWOS)",MN,-6.0,47.400,-92.500,421
727475,"MORA MUNI (AWOS)",MN,-6.0,45.883,-93.267,309
727476,"BAUDETTE INTERNATIONAL AP",MN,-6.0,48.717,-94.600,330
727477,"ROSEAU MUNI (AWOS)",MN,-6.0,48.850,-95.700,323
727478,"HALLOCK",MN,-6.0,48.783,-96.950,250
727503,"CAMBRIDGE MUNI",MN,-6.0,45.567,-93.267,287
727504,"AITKIN NDB(AWOS)",MN,-6.0,46.550,-93.683,367
727505,"FOSSTON(AWOS)",MN,-6.0,47.583,-95.767,388
727507,"BENSON MUNI",MN,-6.0,45.317,-95.650,317
727533,"WHEATON NDB (AWOS)",MN,-6.0,45.700,-96.500,313
727550,"BEMIDJI MUNICIPAL",MN,-6.0,47.500,-94.933,420
727555,"THIEF RIVER(AWOS)",MN,-6.0,48.067,-96.183,340
727556,"SILVER BAY",MN,-6.0,47.200,-91.400,331
727566,"AUSTIN MUNI",MN,-6.0,43.667,-92.933,375
726510,"SIOUX FALLS FOSS FIELD",SD,-6.0,43.583,-96.750,433
726515,"BROOKINGS (AWOS)",SD,-6.0,44.300,-96.817,502
726525,"CHAN GURNEY MUNI",SD,-6.0,42.917,-97.383,408
726540,"HURON REGIONAL ARPT",SD,-6.0,44.400,-98.217,390
726545,"MITCHELL (AWOS)",SD,-6.0,43.767,-98.033,397
726546,"WATERTOWN MUNICIPAL AP",SD,-6.0,44.933,-97.150,532
726590,"ABERDEEN REGIONAL ARPT",SD,-6.0,45.450,-98.417,398
726620,"RAPID CITY REGIONAL ARPT",SD,-7.0,44.050,-103.050,963
726625,"ELLSWORTH AFB",SD,-7.0,44.150,-103.100,980
726685,"MOBRIDGE",SD,-7.0,45.533,-100.433,508
726686,"PIERRE MUNICIPAL AP",SD,-7.0,44.383,-100.283,528
726676,"GLENDIVE(AWOS)",MT,-7.0,47.133,-104.800,749
726770,"BILLINGS LOGAN INT'L ARPT",MT,-7.0,45.800,-108.550,1087
726776,"LEWISTOWN MUNICIPAL ARPT",MT,-7.0,47.050,-109.450,1263
726785,"BUTTE BERT MOONEY ARPT",MT,-7.0,45.950,-112.500,1689
726797,"BOZEMAN GALLATIN FIELD",MT,-7.0,45.800,-111.150,1349
726798,"LIVINGSTON MISSION FIELD",MT,-7.0,45.700,-110.450,1418
727680,"GLASGOW INTL ARPT",MT,-7.0,48.217,-106.617,699
727686,"WOLF POINT INTL [FORT PECK - SURFRAD]",MT,-7.0,48.310,-105.100,634
727687,"SIDNEY-RICHLAND",MT,-7.0,47.700,-104.200,605
727720,"HELENA REGIONAL AIRPORT",MT,-7.0,46.600,-111.967,1167
727730,"MISSOULA INTERNATIONAL AP",MT,-7.0,46.917,-114.100,973
727750,"GREAT FALLS INTL ARPT",MT,-7.0,47.467,-111.383,1117
727770,"HAVRE CITY-COUNTY AP",MT,-7.0,48.550,-109.767,788
727790,"KALISPELL GLACIER PK INT'L AR",MT,-7.0,48.317,-114.250,906
727796,"CUT BANK MUNI AP",MT,-7.0,48.600,-112.367,1170
742300,"MILES CITY MUNICIPAL ARPT",MT,-7.0,46.433,-105.883,801
727530,"FARGO HECTOR INTERNATIONAL AP",ND,-6.0,46.933,-96.817,274
727535,"JAMESTOWN MUNICIPAL ARPT",ND,-6.0,46.917,-98.683,455
727573,"DEVILS LAKE(AWOS)",ND,-6.0,48.117,-98.917,443
727575,"GRAND FORKS AF",ND,-6.0,47.967,-97.400,276
727576,"GRAND FORKS INTERNATIONAL AP",ND,-6.0,47.950,-97.183,256
727640,"BISMARCK MUNICIPAL ARPT [ISIS]",ND,-7.0,46.770,-100.770,502
727645,"DICKINSON MUNICIPAL AP",ND,-7.0,46.800,-102.800,788
727670,"WILLISTON SLOULIN INTL AP",ND,-6.0,48.200,-103.650,580
727675,"MINOT AFB",ND,-6.0,48.417,-101.350,497
727676,"MINOT FAA AP",ND,-6.0,48.267,-101.283,523
785140,"AQUADILLA/BORINQUEN",PR,-4.0,18.500,-67.133,72
785145,"EUGENIO MARIA DE HO",PR,-4.0,18.250,-67.150,9
785203,"MERCEDITA",PR,-4.0,18.000,-66.550,8
785260,"SAN JUAN INTL ARPT",PR,-4.0,18.417,-66.000,19
785263,"SAN JUAN L M MARIN INTL AP",PR,-4.0,18.433,-66.000,3
785350,"ROOSEVELT ROADS",PR,-4.0,18.250,-65.633,12
785430,"CHARLOTTE AMALIE HARRY S TRUM",VI,-4.0,18.350,-64.967,6
911650,"LIHUE AIRPORT",HI,-10.0,21.983,-159.333,31
911760,"KANEOHE BAY MCAS",HI,-10.0,21.450,-157.783,3
911780,"BARBERS POINT NAS",HI,-10.0,21.317,-158.067,15
911820,"HONOLULU INTL ARPT",HI,-10.0,21.317,-157.933,2
911860,"MOLOKAI (AMOS)",HI,-10.0,21.150,-157.100,137
911900,"KAHULUI AIRPORT",HI,-10.0,20.900,-156.433,16
911904,"KAPALUA",HI,-10.0,20.950,-156.633,80
911905,"LANAI",HI,-10.0,20.783,-156.950,409
911975,"KONA INTL AT KEAHOL",HI,-10.0,19.733,-156.050,15
912850,"HILO INTERNATIONAL AP",HI,-10.0,19.717,-155.050,9
912120,"GUAM WFO",GU,10.0,13.483,144.800,77
912180,"ANDERSEN AFB",GU,10.0,13.567,144.917,162
